title,Clinical Oral Radiology Exam 1 (Fall 2019),coralrad,exam1
question,option_a,option_b,option_c,option_d,correct,image
Which of the following teeth has radiopaque material in its root canal space?,Tooth #9,Tooth #10,Tooth #11,Tooth #12,C,images/coralrad-exam1-fall-2019/fig1.jpg
Which of the following teeth has a small periapical radiolucent lesion?,Tooth #9,Tooth #10,Tooth #11,Tooth #12,B,images/coralrad-exam1-fall-2019/fig2.jpg
Periodontal bone loss is present in this image.,True,False,,,A,images/coralrad-exam1-fall-2019/fig3.jpg
The shape of the mandibular condyles is best described as Image 2A: Image 2B: Image 2C:,Irregular,Round,,,A,images/coralrad-exam1-fall-2019/fig4.jpg
All of the following are present EXCEPT one. Which of the following is the EXCEPTION? Image 2A: Image 2B: Image 2C:,Root canal treatment / gutta percha,Retained roots / root fragments,Hyoid bone,Inferior nasal concha,A,images/coralrad-exam1-fall-2019/fig5.jpg
Caries is present on the mesial of #21. Image 2A: Image 2B: Image 2C:,True,False,,,B,images/coralrad-exam1-fall-2019/fig6.jpg
Periodontal bone loss is present in these images. Image 2A: Image 2B: Image 2C:,True,False,,,A,images/coralrad-exam1-fall-2019/fig7.jpg
How many teeth are present in this image?,25,26,27,28,B,images/coralrad-exam1-fall-2019/fig8.jpg
The hyoid bone is visualized.,True,False,,,A,images/coralrad-exam1-fall-2019/fig9.jpg
The stylohyoid ligament is visualized.,True,False,,,A,images/coralrad-exam1-fall-2019/fig10.jpg
All of the following are present EXCEPT one. Which of the following is the EXCEPTION? Image 4A: Image 4B:,Dental caries,Periapical radiolucency,Hyoid bone,Carotid calcifications,D,images/coralrad-exam1-fall-2019/fig11.jpg
"There is dense, reactive bone formation around tooth #20. Which of the following best describes the internal structure of the dense, reactive bone formation? Image 4A: Image 4B:",Radiolucent,Radiopaque,,,B,images/coralrad-exam1-fall-2019/fig12.jpg
Which tooth is fractured?,Tooth #7,Tooth #8,Tooth #9,Tooth #10,C,images/coralrad-exam1-fall-2019/fig13.jpg
The shape of the fracture are best described as:,Triangular,Linear,Irregular,Root,C,images/coralrad-exam1-fall-2019/fig14.jpg
The location of the fracture is best described as:,Mid-root level,Apical third of the root,Incisal edge,Mesial crown,A,images/coralrad-exam1-fall-2019/fig15.jpg
The mandibular condyles are severely irregular in shape.,True,False,,,B,images/coralrad-exam1-fall-2019/fig16.jpg
All of the following are present EXCEPT one. Which of the following is the EXCEPTION?,Class I restoration,Class II restoration,Class III restoration,Crown,C,images/coralrad-exam1-fall-2019/fig17.jpg
Which of the following is visible in this radiographic examination?,Plaque,Calculus,Caries,Class I restoration,B,images/coralrad-exam1-fall-2019/fig18.jpg
Which of the following aspects of this panoramic radiograph is NOT within normal limits?,The number of teeth,The pulp chambers,The mandibular condyles,The inferior nasal conchae,B,images/coralrad-exam1-fall-2019/fig19.jpg
A radiolucency is noted on the distal aspect of #18. This finding is most likely: Image 9A: Image 9B:,Caries,Cervical burnout,Radiolucent restoration,Root canal treatment,A,images/coralrad-exam1-fall-2019/fig20.jpeg
A radiolucency is noted on the mesial aspect of #13. This finding is most likely: Image 9A: Image 9B:,Caries,Cervical burnout,Radiolucent restoration,Root canal treatment,A,images/coralrad-exam1-fall-2019/fig21.jpeg
There is an intrabony radiolucency in the #3 region. Which of the following best describes its borders?,Moderately well-corticated,Non-corticated,,,A,images/coralrad-exam1-fall-2019/fig22.jpg
There is an intrabony radiolucency in the #3 region. Which of the following best describes its borders?,Moderately well-defined,Poorly-defined,,,A,images/coralrad-exam1-fall-2019/fig23.jpg
There is an intrabony radiolucency in the #3 region. Which is most likely the diagnosis?,Extraction socket,Maxillary sinus,Root canal treatment,Retained roots,A,images/coralrad-exam1-fall-2019/fig24.jpg
Which of the following BEST describes the borders of the object on the floor of maxillary sinus.,Moderately well-defined,Poorly-defined,,,A,images/coralrad-exam1-fall-2019/fig25.jpg
Describe the internal structure of the object on the floor of maxillary sinus.,Radiopaque,Radiolucent,,,A,images/coralrad-exam1-fall-2019/fig26.jpg
This radiograph is a:,Left maxillary periapical,Right maxillary periapical,Left maxillary bitewing,Right maxillary bitewing,B,images/coralrad-exam1-fall-2019/fig27.jpg
All of the following are present EXCEPT one. Which of the following is the EXCEPTION?,Dental caries,Class V restoration,Overhanging restoration margins,Cone cut,B,images/coralrad-exam1-fall-2019/fig28.jpg
Ghost images are seen in this panoramic radiograph. Image 13:,True,False,,,A,images/coralrad-exam1-fall-2019/fig29.jpg
Which of the following best describes the edges/borders of the foreign objects projected near the angles/rami of the mandible?,Poorly-defined,Well-defined,,,B,images/coralrad-exam1-fall-2019/fig30.jpg
Which of the following best describes the shape of the foreign objects projected near the angles/rami of the mandible?,Irregular,Unilocular,,,A,images/coralrad-exam1-fall-2019/fig31.jpg
Which of the following best describes the internal structure of the foreign objects projected near the angles/rami of the mandible?,Radiolucent,Radiopaque,,,B,images/coralrad-exam1-fall-2019/fig32.jpg
There are a few entities inferior to the alveolar crest in the #2 region. Which of the following best describes their internal structure?,Radiolucent,Radiopaque,,,B,images/coralrad-exam1-fall-2019/fig33.jpg
There are a few entities inferior to the alveolar crest in the #2 region. Which of the following best describes their borders/edges?,Well-defined,Poorly-defined,,,A,images/coralrad-exam1-fall-2019/fig34.jpg
There are a few entities inferior to the alveolar crest in the #2 region. Which would be the most logical impression of these entities?,Artifacts,Accidentally retained surgical instruments,Retained root fragments,Lip ring,C,images/coralrad-exam1-fall-2019/fig35.jpg
All of the following are present EXCEPT one. Which of the following is the EXCEPTION?,Fractured root,Fractured/missing crown,Periodontal bone loss,Dental implant,D,images/coralrad-exam1-fall-2019/fig36.jpg
"Based on description and radiographic presentation of the two objects in the #14 region, what are they most likely?",Dental implants,Retained roots of #14,Retained roots of #J,Retained roots of #14 and #15,B,images/coralrad-exam1-fall-2019/fig37.jpg
#7 has a well-defined radiopacity projected in the crown of the tooth. Which of the following is the most likely location of the restoration?,Inside the clinical crown,Buccal,Mesial,Distal,B,images/coralrad-exam1-fall-2019/fig38.jpg
"All of the following radiographic techniques would allow you to determine the exact (buccal-lingual, mesial-distal, and superior-inferior) location of the restoration EXCEPT one. Which of the following is the EXCEPTION?",CBCT (3D imaging),Take another periapical radiograph from another angle (SLOB rule),Take a panoramic radiograph,Take an occlusal radiograph,C,images/coralrad-exam1-fall-2019/fig39.jpg
All of the following are likely to be dental caries EXCEPT one. Which of the following is the EXCEPTION? Image A: Image B: Image C: Image D:,#F mesial,#K distal,#L distal,#J mesial,B,images/coralrad-exam1-fall-2019/fig40.jpeg
Which of the following best describes the borders of the lesion in the right posterior inferior mandible?,Poorly-defined,Well-defined,,,B,images/coralrad-exam1-fall-2019/fig41.jpg
Which of the following best describes the borders of the lesion in the right posterior inferior mandible?,Non corticated,Well-corticated,,,B,images/coralrad-exam1-fall-2019/fig42.jpg
Which of the following best describes the internal structure of the lesion in the right posterior inferior mandible?,Radiopaque,Radiolucent,Mixed,,B,images/coralrad-exam1-fall-2019/fig43.jpg
Which of the following best describes the effects on adjacent structures caused by the lesion in the right posterior inferior mandible?,None,Root resorption,Thinning of the inferior border of the mandible,Destruction of the mandibular canal,C,images/coralrad-exam1-fall-2019/fig44.jpg
Tooth #3 has been root canal treated.,True,False,,,B,images/coralrad-exam1-fall-2019/fig45.jpg
Tooth #5 has a periapical radiolucency.,True,False,,,A,images/coralrad-exam1-fall-2019/fig46.jpg
"A diagonal line is projected over the root of #6. The radiographic presentation, and in particular the location, is consistent with:",dental caries,cervical burnout,root fracture,the nasolabial fold,D,images/coralrad-exam1-fall-2019/fig47.jpg
"Multiple vertical radiopacities are projected over the bilateral mandibular rami, consistent with:",the patient's hair,the spine,stylohyoid ligaments,the hyoid bone,A,images/coralrad-exam1-fall-2019/fig48.jpg
All of the following are reasonable entities to consider for the well-defined irregularly-shaped radiopacity near the left mandibular angle EXCEPT one. Which of the following is the EXCEPTION?,Sialolith,Calcified lymph node,Calcified thyroid cartilage,,C,images/coralrad-exam1-fall-2019/fig49.jpg
Are you excited for the CBCT block in the second half of the semester? (Any answer will receive full credit.),Heck yeah!,3D interpretation is intimidating.,What is a CBCT?,Thank you for the free points.,D,
