title,DAO Final Exam (Summer 2017),dao,final
question,option_a,option_b,option_c,option_d,option_e,correct,image
Which of the following teeth is most likely to have a lingual groove that extends from the enamel onto the Cementum?,Maxillary canine,Maxillary central incisor,Maxillary lateral incisor,Maxillary first premolar,,C,
From the facial view teeth #24 and 25 have their contacts located in,The middle third,The junction of the middle third and the incisal third,In the incisal third,48 months,,C,
Which jaw position is determined by tooth to tooth contact?,Centric relation,Terminal hinge,MI,Postural position,,C,
Anterior guidance is the result of:,Terminal hinge,Centric relation,Condylar guidance,Horizontal and vertical overlap,,D,
Eruption sequence of the primary teeth is:,"Central, lateral, first molar, canine, second molar","Central, lateral , canine, first molar, second molar","Central, first molar , lateral, canine, second molar",,,A,
Which premolar has a mesial marginal ridge that is shorter and less prominent that the distal marginal ridge?,Maxillary first,Maxillary second,Mandibular first,Mandibular second,,C,
"In an ideal, class I occlusion all of the following are correct except: 1. Only the mandibular centrals and the maxillary third molars will occlude with only one tooth 2. The Buccal cusps of the maxillary teeth and the lingual cusps of the mandibular teeth, displace and protect the soft tissues 3. The Buccal cusps of the upper teeth and the lingual cusps of the lower teeth contact on their occlusal sides in centric occlusion 4. Mandibular posterior teeth occlude anterior to the maxillary posterior teeth.",1 only,1 and 2,3 only,All are correct,All are false,C,
"On the mesial surface of an anterior tooth, the cervical line curves incisally_____________ than the distal surface.",Greater,Less,Same as,,,A,
Which tooth has the longest root?,#9,#3,#22,#11,,D,
The sequence of cusp size from the largest to the smallest on the maxillary first molar is: 1. MB 2. ML 3. DB 4. DL,"1,2,3,4","2,1,3,4","2,3,1,4",,,B,
Which primary tooth has the most unique anatomy? (i.e. doesn't resemble a permanent tooth),Lower second molar,Lower first molar,Upper first molar,Upper second molar,,B,
In an intercuspal position the distolingual cusp of the mandibular first molar opposes:,The embrasure between the maxillary first and second molars,Mesial fossa of the maxillary second molar,Distal pit of the maxillary first molar,Distolingual groove of the maxillary first molar,,D,
In protrusive movement the facial surfaces of the maxillary centrals contact?,The incisal edges of the mandibular centrals only,The incisal edges of the mandibular centrals and laterals,The facial surfaces of the mandibular centrals and laterals,None of the above,,D,
The first and second mandibular molars erupt respectively at:,5 and 10 years,6 and 12 years,8 and 16 years,,,B,
"In MI, the cusp tip of the maxillary canine is in direct alignment with which anatomic feature of the mandibular teeth? (class I occlusion)",Facial embrasure,Incisal embrasure,Distal ridge of the cusp of the mandibular canine,Mesial ridge of the facial cusp of the mandibular first premolar,,A,
"On the mandibular first molar, the distofacial groove serves as an escape way for the mesiolingual cusp of the maxillary first molar during which mandibular movement?",Protrusive,Centric slide,Working,Non-working,,C,
The primary second mandibular molar will differ from the permanent first mandibular molar In that the second primary molar:,Is darker in color,Is larger in size,has roots that are more divergent,Has a form peculiar to itself,,C,
"The non-working condyle, in function, will perform which of the following movements?",Straight forward,"Downward, forward, and lateral","Downward, forward, and medial","Downward, backward, and medial",,C,
The first premolar replaces which primary tooth?,Canine,First molar,Second molar,,,B,
"When compared to the first maxillary premolar, the central groove of the second maxillary premolar is:","Longer, with less supplementary grooves","Shorter, with less supplementary grooves","Longer, with multiple supplementary grooves","Shorter, with multiple supplementary grooves",,D,
The first succedaneous tooth to erupt is?,Maxillary central,Mandibular central,Mandibular lateral,Mandibular first molar,,B,
Which of the following represents the geometric form of the anterior teeth when viewed from the proximal:,Square,Rhomboidal,Triangular,Trapezoidal,,C,
"From a Buccal view, the maxillary first molar has its palatal root apex in line with which of the following?",Buccal groove,DB line angle,DB cusp tip,MB cusp tip,,A,
The mesiodistal measurement of the crown is greater than the buccolingual measurement in which of the following teeth? 1. Maxillary first and second molars 2. Mandibular first and second molars 3. Maxillary canine 4. Maxillary central and lateral,1 and 2,"1,3,4","2,3","2,4",,D,
"In the universal numbering system, tooth #15",Upper right second molar,Upper left first molar,Upper left second molar,,,C,
Which molar will frequently have three cusps?,Mandibular third,Maxillary third,Mandibular second,Maxillary second,,B,
"When the incisal edges of the upper and lower teeth are moved to an edge to edge position, the condyles of the mandible have moved:",Forward,Downward,Downward and forward,Backward,,C,
Which of the following are characteristics of a lower second molar? 1. Facial and lingual grooves form right angles with the central groove 2. It typically has four cusps of about equal size 3. The occlusal outline is pentagonal or hexagonal 4. The roots are closer together than those of the first molar and inclined distally,"1, 2, 4","1, 3","2, 3, 4","3, 4","1, 2, 3, 4.",A,
A mesiolingual groove will be found in which tooth?,#18,#29,#21,#5,,C,
Which of the following teeth is it most difficult to distinguish between mesial and distal?,Maxillary central,Maxillary lateral,Mandibular central,Mandibular lateral,,C,
Which of the following teeth demonstrates the greatest variations? 1. Maxillary laterals 2. maxillary canines 3. Third molars 4. First premolars,1 and 2,1 and 3,2 and 3,2 and 4,1 and 4,B,
The lower second premolar has three cusps. List the cusps from largest to smallest.,"Lingual, Mesiobuccal, Distobuccal","Lingual, Distobuccal and Mesiobuccal","Buccal, mesiolingual and distolingual","Buccal, distolingual and mesiolingual",,C,
Which of the following represents the apex of a triangular shaped boundary of the interproximal space?,Alveolar bone,The contact area of the adjacent teeth,The proximal surface of the adjacent teeth,Gingival tissue,Marginal ridges of the adjacent teeth,B,
Which surface of the mandibular canine is almost parallel to the long axis of the tooth?,Lingual,Mesial,Distal,Labial,,B,
"In the MI position, the mesiobuccal cusp of the mandibular first molar will contact:",Central fossa of the upper first molar,The distal fossa of the upper first molar,The oblique ridge of the upper first molar,The mesial marginal ridge of the upper first molar,,D,
"In the MI position, which of the following teeth has the potential to contact both anterior and posterior teeth?",Maxillary canine,Mandibular canine,Maxillary first premolar,,,A,
In a unilateral balanced occlusion (group function occlusion): 1. There is tooth to tooth contact on the non-working side 2. The upper and lower Buccal cusps contact on the working side 3. All posterior teeth contact in MI 4. The patient will be edentulous on one side 5. Canines serve as a guide for disclusion,"1,2,3","3,4","3, 4, 5","1, 3, 4","2, 3",E,
Tooth “D” in the universal system is the:,Maxillary right canine,Maxillary right lateral,Maxillary left lateral,Maxillary left canine,Maxillary right first premolar,B,
The roots of the maxillary molars generally bifurcate. The roots of the mandibular molars generally trifurcate.,The first part of each statement is true and the second part is true,The first part of each statement is true and the second part is false,The first part of each statement is false and the second part is false,The first part of each statement is false and the second part is true,,C,
The Buccal cusps of the upper are supporting cusps. The lingual cusps of the lower are supporting cusps,The first part of each statement is true and the second part is true,The first part of each statement is true and the second part is false,The first part of each statement is false and the second part is false,The first part of each statement is false and the second part is true,,C,
The superior aspect of the interarticular disc articulates against the articular eminence. In hinge axis movement the articular disc remains stationary.,The first part of each statement is true and the second part is true,The first part of each statement is true and the second part is false,The first part of each statement is false and the second part is false,The first part of each statement is false and the second part is true,,B,
Which type of gypsum product is used for making stone casts?,type I,Type II,Type III,Type IV,,C,
Which of the following cusps of the mandibular first molar is the widest when viewed from the buccal aspect?,Mesiobuccal,Distobuccal,Distal,All are equal in size,,A,
At what age is calcification of the mandibular first molar first evident?,At birth,6 to 9 months,1 year,2 years,,A,
Eruption of the maxillary canines begins at about what age?,6 to 7 years,9 to 10 years,11 to 12 years,13 years,,C,
The notation for the permanent maxillary right first molar is which of the following according to the FDI system?,16,26,35,45,,A,
A __________ is any one of the three rounded protuberances found on the incisal ridges of newly erupted incisor teeth,Lobe,Mamelon,Cusp,Supplemental groove,,B,
what is the mandibular movement based on this image?,Protrusive,Left lateral,Right lateral,Retrusive,,A,images/dao-final-summer-2017/fig48.jpeg
What is the mandibular movement demonstrated in the diagram below?,Prutrusive,Retrusive,Left lateral,Right lateral,,C,images/dao-final-summer-2017/fig49.jpeg
B in the image is representative of:,Anatomical crown,Clinical crown,Clinical root,More than one answer is correct,,B,images/dao-final-summer-2017/fig50.jpeg
