title,Periodontics II Final Exam (Fall 2018),perio2,final
question,option_a,option_b,option_c,option_d,option_e,correct,image
A Class I furcation lesion (Glickman classification) is suprabony. Therefore the following therapy is recommended for treatment:,Root Resection,Osseous Surgery,"Oral hygiene, scaling, and root planing",Bone regenerative therapy,,C,
Which of the following is an indication for Gingivectomy?,Infrabony Defect,Acutely inflamed tissue,Inadequate zone of attached gingiva,None of the above,,D,
Healing of a Gingivectomy has the following characteristics:,The site heals by primary intention,Epithelialization usually takes 6-8 weeks,The connective tissue healing occurs prior to epithelialization,Healing is slower than that of a flap procedure,,D,
What is the accepted percentage of patient's that are non-compliant with periodontal maintenance?,One third,One half,One quarter,One eighth,,A,
Which are criteria used to establish the interval of periodontal maintenance?,The presence of risk factors,The level of plaque control,The severity of the disease,All of the above,,D,
What is the definition of Secondary Prevention?,The correction of defects to prevent disease progression,Prevention of disease progression,To prevent disease initiation,None of the above,,B,
Which of the following are objectives of a Periodontal Maintenance Procedure?,To ascertain the need for retreatment,To re-evaluate the results of active therapy,To reinforce Oral Hygiene,All of the above,,D,
What factors are true regarding patient's compliance with medications?,"The fewer the side effects, the better the compliance","The fewer the doses required, the worse the compliance","The few the number f drugs prescribed, the worse the compliance",All of the above,,A,
What did the Lang (1986) show in his paper about bleeding on probing (BOP)?,Patient with a probing depth of 4mm had a higher incidence of BOP,Pockets that had BOP of 4/4 had a 30% chance of losing attachment.,Patient with 25% or more BOP sites had a higher chance of losing attachment,All of the above,,B,
"According to Hirschfeld and Wasserman (1978) paper, what percentage of the patients followed were in the “Well Maintained” group?",83.2%,12.5%,4.2%,None of the above,,A,
Widening the zone (width) of attached gingiva accomplishes:,Enhanced plaque removal,Improved esthetics,Reduced inflammation around restored teeth,All of the above,,D,
Which of the following are disadvantages of the traditional Gingivectomy procedure?,There is slow healing,It can give an unaesthetic result,There is more postoperative pain,All of the above,,D,
What did Dr. Beube (1947) show in his 12-year study regarding bone regeneration?,He showed that by splinting mobile teeth together you can have bone regeneration,He showed that Scaling and Root Planing can result in bone regeneration,He showed that by using a bone graft it is possible to maintain a tooth with advanced bone loss for many years,None of the above,,C,
What did Dr. Yukna (2007) prove in his human study of Laser Assisted New Attachment Procedure?,That some of the control teeth healed with “New Attachment.”,That some of the Laser treated teeth healed with a long junctional epithelium,That all Laser treated teeth healed with cementum-mediated “New Attachment”,That some patients had adverse clinical effects with Laser treatment,,C,
The absorption of the Nd:YAG Laser energy is highest in which of the following?,Hb (Hemoglobin) and Hydroxyapatite,H20 (Water) and Hydroxyapatite,Hb (Hemoglobin) and Melanin,H20 (Water) and Melanin,,C,
What is true regarding the Nd:YAG Laser energy?,It is well absorbed in (CT) Connective Tissue,Its wavelength is 1064nm which is in the “near infra-red range.”,It is not transparent to water and cell walls,None of the above,,B,
Which of the following occurs when the “Biologic Width” is violated?,Loss of alveolar bone,Chronic gingival inflammation,Chronic Pain,All of the above,,D,
Which of the following are restorative considerations for the performance of Crown Lengthening?,To ensure a good marginal seal of a restoration,To permit proper tooth preparation,To account for adequate marginal placement of the restoration,"a., b., and c",a and b,D,
According to Rosenberg (1980) what is the amount of sound supraosseous crest tooth structure needed to fulfill the total requirement for restorative dentistry?,2.5 to 3.5mm,1.5 to 3.0mm,3.5 to 4mm,3.0 to 5mm,,C,
Which of the following is an advantage of the Apically Advanced Flap without Osseous Resection?,There is potentially greater probing depth reduction,There could be greater root hypersensitivity,There is unesthetic root exposure,"There is a lack of flap adaptation in the presence of thick bony margins, exostosis, and tori",,A,
Which of the following is a disadvantage of the Replaced Flap?,It is useful in the maxillary anterior region for esthetics,There are residual probing depths in the presence of infrabony pockets,There is adaptation of healthy connective tissue to the root surfaces,All of the above,,B,
Which of the following is an advantage of the ENAP procedure vs Gingivectomy?,There is a potential loss of attachment,It is more difficult to perform,Ideal gingival architecture is not easily achieved,None of the above,,D,
When performing a Gingivectomy which of the following incisions is used?,Inverse Bevel incision,External Bevel incision,Sulcular incision,None of the above,,B,
What would be an indication for performing Crown Lengthening?,Caries,Gingival Overgrowth,Altered Passive Eruption,All of the above,,D,
What is the rate of epithelial migration after a periodontal surgical procedure is performed?,1.0mm per day in every direction,0.5mm per day in every direction,1.5mm per day in every direction,None of the above,,B,
In the Gargiulo article about “Biologic Width” what was the average width of the Epithelial Tissue Attachment?,1.07mm,0.97mm,2.04mm,0.69mm,,B,
Which of the following is/are contraindication to Root Resection/Amputation?,Roots which are endodontically treatable.,Fused Roots,Teeth with sufficient attachment remaining for function,None of the above,,B,
Where do Cervical Enamel Projections primarily occur?,Lingual surface of the maxillary molars,Buccal surface of the mandibular molars,Buccal surface of the maxillary premolars,All of the above,,B,
According to Bower (1979) which Molar Root Surface always has an internal concavity?,Mesial Root of Mandibular 1st Molar,Palatal Root of Maxillary 1st Molar,Distobuccal root of Maxillary 2nd Molar,None of the above,,A,
According to the Bower article (1979) regarding furcations what factor/s make furcation areas difficult to access?,95% of furcations have an opening of 1mm or less,The average curette width is 2mm,58% of furcations have openings of .75mm or less,All of the above,,C,
The following definition of bone loss in the furcation area: “bone loss that is greater than 3mm but is not through and through” describes which Grade of the Modified Hamp classification?,Grade I,Grade II,Grade III,Grade IV,,B,
What are factors that pertain to Acellular Dermal Matrix Allograft?,Patients must be informed of the donor source,Post-Op complications are similar,The tissue thickness is 1.5-2.0mm,It can not be used to augment keratinized tissue,,A,
"According to PD Miller, total root coverage can be achieved in which of the following class/es of gingival recession?",Class I,Class II,Class III,Class IV,a. and b.,E,
The Miller Classification of Marginal Recession for tissue recession that extends beyond the mucogingival junction and has loss of soft tissue apical to the CEJ but coronal to the apical extent of the marginal tissue is known as:,Class I,Class II,Class III,Class IV,,C,
What is the Siebert Classification of a ridge defect where there is loss of ridge height but normal buccolingual ridge width?,Class I,Class II,Class III,Class IV,,B,
