title,TMD & Orofacial Pain Final Exam (Spring 2021),tmd,final
question,option_a,option_b,option_c,option_d,option_e,correct,image
(CASE AB) After  you obtain the history which of the following should be done next by the clinician?,Obtain a panoramic radiograph,Prescribe Ibuprofen 400 mg three times daily for one week and then have the patient return for a reevaluation,"Perform a thorough examination of the head and neck, as well as the oral cavity, order a panoramic or CBCT scan, develop differential diagnosis and then determine the best course of management.",Immediately refer the patient to a clinician with experience with temporomandibular disorders because it does not make any sense for you to evaluate the patient further,,C,
(CASE AB) Statement #1: You inform the patient that they have “TMJ syndrome” and that she definitely has disc displacement Statement #2: You should refer the patient to a physical therapist for definitive treatment Which of the following is correct with respect to diagnosis and treatment of this patient:,"Statement #1 is correct, statement #2 is correct","Statement#1 is correct, statement#2 not correct","Statement #1 is not the correct,  statement #2 correct","Statement #1 is not correct, statement #2 is not correct.",,D,
"(CASE AB) Following your examination, you document that the patient’s maximum interincisal opening distance is 21 mm with deviation to the right. The left lateral excursion is 1 mm, the right lateral excursion is 9 mm. The right TMJ is tender to palpation as well as the right masseter and temporalis muscles. You obtain a panoramic radiograph, which appears normal. You then order an MRI which demonstrates a large effusion of fluid in the right temporomandibular joint, a small area of cortical bone loss involving the superior condyle, and anterior disc displacement.  Which of the following, if any, can be discarded as a possible diagnosis?",Synovitis right temporomandibular joint with myalgia of the right temporalis and masseter muscles,Internal derangement of the right temporomandibular joint with disc displacement and synovitis,Neoplasia involving the right temporomandibular joint,"None, all of these diagnoses are possible",,D,
(CASE AB) Which of the following is NOT APPROPRIATE initial treatment for this patient’s condition?,Temporomandibular joint arthroscopic surgery,"Moist, heat, softer diet and jaw exercises",Clenching awareness and avoidance,Ibuprofen 400mg three times daily for 10 days,,A,
"(CASE AB) The patient undergoes 3 months of treatment with heat, massage, softer diet, NSAIDs, an oral appliance and jaw exercises.  Her symptoms continue at the same high level and she is fearful that she will never be able to chew or have normal jaw function.  Which of the following should be the considered as the next logical option for treatment?",Minimally invasive arthroscopic surgery,Open joint surgery designed to reposition the disc,Total joint replacement surgery,"Continued non-surgical therapy and refer her to a psychiatrist for stress management, then re-evaluate her in 8 months.",,A,
"(CASE AB) If the patient were to undergo surgical treatment for her TMJ disorder, which of the following would be most appropriate in the postoperative rehabilitation period?","Jaw exercises, non-chew and/or very soft diet, clenching awareness and avoidance, non -steroidal anti-inflammatory medications, follow up with surgeon 1 week, 3 weeks postoperatively, then every 1-3 months as needed.","Continued use of an oral appliance, pain medications for 3 months, follow up with surgeon in 3 months.",Follow up with the surgeon in one week and then in 5 months,"Physical therapy once per week for two months, then have the patient return to the surgeon for a postoperative evaluation in 2 months",,A,
"(CASE AB) A patient with severe TMJ synovitis and limited jaw opening who undergoes arthroscopic TMJ surgery, and follows an appropriate postoperative rehabilitation is most likely to have which of the following outcomes 3 – 6 months postoperatively?","Increased TMJ pain, decreased maximum interincisal opening distance","Decreased TMJ pain, decreased maximum interincisal opening distance","Decreased TMJ pain, increased maximum interincisal opening distance","Increased TMJ, pain, increased maximum interincisal opening distance",The results of TMJ arthroscopy are very variable and each of the following outcomes have an EQUAL chance of occurring,C,
(CASE AB) The patient returns to your office 3 months following surgery and she indicates that she has remained compliant with your postoperative rehabilitation instructions. The patient also tells you that she has now returned to work at a job that she hates and is also in the middle of a custody battle with her divorced spouse. She is aware  of having increased clenching during the day and night due to this stress and her sleep is poor. Which one of the following statements is FALSE?,Persistent clenching and joint overload will contribute to further cartilage degradation in the temporomandibular joints,She must stop performing passive motion jaw exercises which are contributing to cartilage degradation and synovitis.,You should consider placing the patient on a muscle relaxant before bedtime to help with muscle tension and potentially improve sleep.,You should reinforce clenching awareness and avoidance during the day and inform her to download  a clenching reminder APP on her iPhone.,,B,
"(CASE AB) A patient returns to your office following an arthroscopy that successfully reduces pain and increases jaw opening for 5 months.  However, the patient has noticed a sudden increase in pain levels to a level “8” on the visual analog scale (0=no pain, 10=the most severe pain). The pain began 10 days prior to her appointment.  Which one of the following is NOT appropriate for initial management of this patient?",Ibuprofen 400mg three times daily for10 days with meals.,Very soft diet for the next 10-14days.,Hot compresses to the right and left masseter and temporalis muscles,"TMJ arthroscopy, since it was successful the first time",,D,
"(CASE AB) A patient who underwent successful arthroscopic TMJ surgery with no symptoms for 5 years moves to another state and you do not hear from her until 8 years after your treatment. She then returns to your office with significant right and left TMJ pain, severe limitation of maximum interincisal opening distance, constant pain in both the right and left face which is increased to lightly touching the skin in front of the right and left TMJs. She reports that over the past 3 years, she was treated by other surgeons who performed 3 additional surgeries, including right and left TMJ disc repositioning surgery, bilateral discectomies, then bilateral prosthetic total joint replacements. Which of the following statements is FALSE?",She most likely has developed chronic neuropathic pain.,Additional surgery is less likely to achieve a good outcome,Orthodontic and/or prosthodontic correction of her malocclusion is likely to be the best course of management,"Multidisciplinary management of the chronic orofacial pain is most likely to be the best course of management of this patient CASE CD- questions 11 – 16  are pertinent to Case CD A 55 year old female presents to your office with a chief complaint of severe pain associated with the lower right second bicuspid tooth. She reports that she has had pain on the right posterior mandibular region for two years. Over the past two years she has been treated by multiple dentists and has undergone the following procedures: Endodontic therapy on #31 twice, extraction of # 31, endodontic therapy #30, apicoectomy #30, extraction #30. After each procedure the pain returned at a higher level and now the pain is very severe, significantly impairing the quality of her life. The panoramic radiograph of the mandibular right can be seen below: The patient points directly to the mandibular right second bicuspid tooth and she begs you to extract #29. The clinical examination reveals the neck and oral soft tissues to appear normal. There is no evidence of swelling or infection. Teeth #’s 27, 28, and 29 are equally tender to percussion. Light palpation of the right posterior buccal alveolus makes the pain worse. You pulp test # 27, 28 and 29 all testing vital. Cranial nerve examination reveals a mild paresthesia of the right lower lip and chin.",,C,images/tmd-final-spring-2021/fig10.jpeg
(CASE CD) Which one of the following should be THE LEAST LIKELY when formulating your differential diagnosis?,Trigeminal neuralgia,Pulpitis #28,Atypical facial neuralgia,Neoplasia,,B,
(CASE CD) You realize that you are unsure of the diagnosis and decide that you need to refer the patient to other specialists for further evaluation and work up. Which one of the following is NOT appropriate?,Referral to an oral & maxillofacial radiologist for a cone beam CT,Referral to a neurologist,Referral to an oral & maxillofacial surgeon with expertise in orofacial pain,Referral to an oral & maxillofacial surgeon for extraction of tooth #29.,,D,
"(CASE CD) The patient gets a second opinion from another dentist, who decides that the pain is coming from tooth #29.  The dentist removes the post, performs another endodontic therapy on #29, redoing the first endodontic treatment. The pain persists and the dentist’s diagnosis is “cracked tooth syndrome” and proceeds to perform extraction of #29.   The patient returns to your office 4 weeks later with increased pain. Statement #1: The most likely reason for the increased pain is a localized alveolitis (dry socket) Statement #2: You should treat the patient with a 4 week course of antibiotics and pain medications and then re-evaluate.","Statement #1 is correct, statement #2 is correct","Statement #1 is correct, statement #2 is not correct","Statement #1 is not correct, statement #2 is correct","Statement #1 is not correct, statement #2 is not correct",,D,
(CASE CD) The patient is evaluated by a neurologist who makes a tentative diagnosis of trigeminal neuralgia and places the patient on Tegretol (Carbamazepine). The patient informs you that she is feeling much better and thanks you for your care. What is the next most important next step in the patient’s care?,An MRI of the brain must be performed to determine if there is a tumor or blood vessel impinging on the trigeminal nerve,Ensure that the patient returns for regular dental examinations and preventive care,Provide prosthetic restoration of the mandibular right posterior with a removable prosthesis,Perform dental implant surgery and prosthetic restoration of the mandibular dentition,,A,
"(CASE CD) The patient continues treatment with the neurologist, the pain resolves and she then moves to another state. She returns to New York 3 years later and is seen in your office. She now indicates that the pain returned 2 months ago even though she has remained on the Tegretol. The pain is severe and worse than it had ever been. Your examination reveals right V3 paresthesia, painful limitation of mandibular opening with severe deviation of the midline to the right, and paralysis of the muscles of facial expression involving all branches of the facial nerve (temporal, zygomatic, buccal, mandibular and cervical branches). What is the most likely diagnosis?",Recurrent trigeminal neuralgia of unknown etiology,Acoustic neuroma involving the right temporal lobe of the brain,Neoplasia with invasion of the right facial nerve and mandibular division of the right trigeminal nerve.,Atypical facial neuralgia,,C,
"(CASE ANP & CD) Another patient (ANP) comes to you for evaluation and has a complex history with examination findings that are virtually the same as the patient described in case CD. The single major difference is that when you perform the cranial nerve examination on ANP, you notice that there is paralysis of the muscles of the middle and lower right face innervated by the right zygomatic, buccal, mandibular and cervical branches of the facial nerve. However, the patient can raise her eyebrows and wrinkle her forehead bilaterally, indicating relatively normal function of the muscles innervated by the temporal branches of the facial nerve. Statement #1: Patient ANP, with paralysis of only the muscles of the middle and lower half of the right face is MORE LIKELY to have a brain tumor than the patient with full paralysis of one half of the face because the upper motor neuron input to the facial nerve comes from both the right and left sides of the brain. Statement #2: An MRI and/or CT scan of the head, neck and brain are rarely indicated for patients with cranial nerve deficits as described in CASE CD and CASE ANP.","Statement #1 is correct, statement #2 is correct","Statement #1 is correct, statement #2 is not correct","Statement #1 is not correct, statement #2 is correct","Statement #1 is not correct, statement #2 is not correct",,B,
Statement #1:  The third division of the trigeminal nerve (V3) provides only sensory innervation Statement #2:  The lateral pterygoid muscle is innervated by the facial nerve (VII),"Statement #1 is correct, statement #2 is correct","Statement #1 is correct, statement #2 is not correct","Statement #1 is not correct, statement #2 is correct","Statement #1 is not correct, statement #2 is not correct",,D,
"Joint motion is necessary for the health of a synovial joint.  When a joint stops moving, the cartilage breaks down because",Lack of motion causes excessive joint loading,Lack of motion causes muscle atrophy causes anterior disc displacement in the TMJ which is the cause of breakdown of hyaline cartilage,Immobilization results in death of chondrocytes which causes necrosis of the condyle,Immobilization results in death of chondrocytes which are responsible for producing the cartilage matrix (ground substance and collagen).,,D,
"Statement #1:  Temporomandibular joint arthroscopy permits diagnosis and surgical procedures inside the joint space. Statement #2:  A major difference between TMJ arthroscopy and arthroscopy of other joints (knees, shoulders, hip) is the small joint space, which makes TMJ arthroscopy technically challenging.","Statement #1 is correct, statement #2 is correct","Statement #1 is correct, statement #2 is not correct","Statement #1 is not correct, statement #2 is correct","Statement #1 is not correct, statement #2 is not correct",,A,
Statement #1:  The TMJ behaves according to the same biological principles as other synovial joints Statement #2:  A major difference between the TMJ and other synovial joints in the body is that motion of the right and left TMJs are not independent of each other.  Movement on one side will cause motion on the contralateral side.,"Statement #1 is correct, statement #2 is correct","Statement #1 is correct, statement #2 is not correct","Statement #1 is not correct, statement #2 is correct","Statement #1 is not correct, statement #2 is not correct",,A,
Statement #1:  Jaw clenching and grinding teeth are common causes of TMJ overload Statement #2:  Synovitis refers to inflammation of the lateral pterygoid muscle,"Statement #1 is correct, statement #2 is correct","Statement #1 is correct, statement #2 is not correct","Statement #1 is not correct, statement #2 is correct","Statement #1 is not correct, statement #2 is not correct",,B,
"Statement #1:  Temporomandibular surgical treatment should be considered in all patients with significant disc displacement Statement #2:  If a minimally invasive surgical treatment fails to improve the patient’s symptoms after 3 months, TMJ arthroplasty (open joint surgery) is indicated.","Statement #1 is correct, statement #2 is correct","Statement #1 is correct, statement #2 is not correct","Statement #1 is not correct, statement #2 is correct","Statement #1 is not correct, statement #2 is not correct",,D,
"A patient who underwent a DO restoration on #12 returns to your office one week later with the bite feeling high on #12. Statement #1:  You should check the occlusion on #12 and if it is excessive, an occlusal reduction should be performed Statement #2:  The same patient returns to your office one year later, with the recent development of significant pain directly in the right TMJ and limited opening.  Your first treatment should be further occlusal adjustment of #12 as this is the most likely cause of the problem.","Statement #1 is correct, statement #2 is correct","Statement #1 is correct, statement #2 is not correct","Statement #1 is not correct, statement #2 is correct","Statement #1 is not correct, statement #2 is not correct",,B,
"A 35 year old -male patient seeks your opinion about a progressive change in his bite.  He has no TMJ pain.  He shows you pictures from 3 years ago with a symmetrical appearing face and the dental midlines both in the center.  He shows you pictures over the next 3 years, each year, with his jaw shifting further to his right (at rest), and the mandibular dental midline shifting further and further to the patient’s right.  He also has a significant cross bite of the right posterior dentition and a left posterior open bite.  The most likely cause of this problem is:",Degenerative arthritis with synovitis of the left temporomandibular joint.,Severe synovitis of the right temporomandibular joint,"Neoplasia involving the left mandibular condyle, potentially an osteochondroma",Severe rheumatoid arthritis involving the left and right temporomandibular joints,,C,
"A 45 year old female patient seeks your opinion about a progressive change in her bite.  She can no longer bite into a pizza, as her upper and lower front teeth haven’t come together in 4 years.  She also complains of pains in her hips, toes, fingers and knees that started 2 years ago and has progressively increased.  The clinical examination reveals a 5 mm anterior open bite, and a panoramic radiograph reveals irregularity and resorption of the right and left condyles.  Which one of the following is the most appropriate course of action:","Refer the patient to a rheumatologist, as you suspect a systemic arthropathy to be the cause of her problem","Perform occlusal adjustments of the posterior dentition, to eventually improve the malocclusion and anterior open bite.",Perform intra-articular arthroscopic surgery to biopsy the TMJs and establish the correct diagnosis.,"Fabricate an oral appliance, with only posterior stops, to treat the anterior open bite.",,A,
A patient tells you that they cannot possibly grind their teeth at night because they snore when they sleep. Which statement is true?,A person may snore during some stages of sleep and grind during other stages.,"A person who snores, cannot grind their teeth","A person who grinds their teeth, cannot snore",,,A,
"Statement #1:  There are 4 stages of sleep, Stage 1,2,3 and REM and the sleep stages are repeated about 4 times in one night Statement #2:   Dreaming occurs in stage 3 of sleep.","Statement 1 is true, statement 2 is true","Statement 1 is true, statement 2 is false","Statement 1 is false, statement 2 is true","Statement 1 is false, statement 2 is false",,B,
Statement #1:  The sleep stages are repeated about 4 times in one night Statement #2:  REM stage of sleep stands for rapid eye movements,"Statement 1 is true, statement 2 is true","Statement 1 is true, statement 2 is false","Statement 1 is false, statement 2 is true","Statement 1 is false, statement 2 is false",,A,
Obstructive sleep apnea results from:,The signal to the diaphragm is blocked and there is less stimulus to breathe.,The muscles of the chest wall are blocked from contracting.,The pharyngeal muscles contract causing blockage of the airway.,The airway becomes blocked,,D,
"The best way to document apnea and its severity, is with:",Bed partner’s observation of snoring.,An APP for the phone to record snoring.,A polysomnogram,Epworth sleepiness scale,,C,
"Statement #1:  Weight gain and alcohol consumption can adversely affect sleep apnea Statement #2:  Sleeping on the side instead of on the back, and taking medicine for hypertension can adversely affect sleep apnea","Statement 1 is true, statement 2 is true","Statement 1 is true, statement 2 is false","Statement 1 is false, statement 2 is true","Statement 1 is false, statement 2 is false",,B,
The gold standard of treatment for severe sleep apnea is:,Side sleeping using a positional aid.,The use of an oral appliance,Surgery to enlarge airway,Continuous Positive Airway Pressure,,D,
Oral sleep appliances are designed to:,Open the mouth allowing more air in.,Decrease clenching.,Increase airway patency,Increase stimulus to breathe.,,C,
There are numerous designs for oral appliances to treat sleep apnea. They all share one important element that is designed to reduce sleep apnea.,They are all made of acrylic.,They all use a screw mechanism for adjustments,They work by advancing the mandible forward by 5 mm,They advance the mandible forward and adjustments may need to be made to determine the ideal position of the mandible for reducing airway obstruction,,D,
There are numerous potential complications from using an oral appliance for sleep apnea. All of the following are potential complications EXCEPT:,An increase in cardiac arrhythmias,A change in the bite.,Exacerbation of temporomandibular joint symptoms.,Sore jaw muscles.,,A,
"Your patient has mild-moderate sleep apnea diagnosed by an overnight sleep study. It is important to know if the oral appliance you just made is effectively reducing the apnea.  After wearing the appliance for 1 week, your patient reports that he still feels tired in the morning, his wife reports that he is snoring a little less, but he feels tired at work.  What do you do?",Refer him for CPAP.,Tell him that he is not a good candidate for an oral appliance.,Suggest that surgical alternatives may need to be considered.,Adjust the oral appliance.,,D,
"A 45 year old male is wearing the oral sleep appliance for 3 months with a history of loud snoring and daytime fatigue. The appliance is comfortable and he tolerates it well. He still feels tired in the morning, his wife is still complaining of his snoring even though it is a little less, and he still feels tired at work. You have done all that you can by adjusting the appliance. He has reduced his alcohol consumption, but he cannot reduce his weight.  He is still 60 pounds overweight. What do you do?",Place him on a low carbohydrate diet and provide him with a daily exercise routine.,Refer him back to the sleep medicine physician for further evaluation.,Order a home sleep test,Make a different oral appliance.,,B,
"A 59 year old male railroad engineer of a commuter train is referred to you for severe snoring.  You question him in further detail and find that he is 50 lbs overweight, and sometimes has severe sleepiness during the day.  Of the following what is the most appropriate recommendation?",Suggest that he lose weight.,Suggest that his wife use earplugs.,Make an oral appliance to control his snoring as requested.,Refer him to a sleep medicine specialist for a comprehensive evaluation as he is putting lives at risk.,,D,
"A 52 year old female executive of a fortune 500 company drives to work 5 days per week.  She reports that her husband is complaining of her snoring loudly at night.  She also indicates that she is experiencing daytime sleepiness, occasionally nodding off during important meetings and on her commute home. Statement #1:  You suspect obstructive sleep apnea, fabricate an oral sleep appliance immediately and follow her over the next 3 months. Statement #2:  You should inform the patient to lose weight, stop alcohol consumption, see her in 6 weeks for a re-evaluation.","Statement 1 is true, statement 2 is true","Statement 1 is true, statement 2 is false","Statement 1 is false, statement 2 is true","Statement 1 is false, statement 2 is false",,D,
Which one of the following statements is false?,A malocclusion is not the primary cause of most temporomandibular joint disorders,Occlusal changes can be caused by temporomandibular joint pathology.,Premature occlusal contacts are a primary cause of TMD,Clenching/bruxism habits place significant additional loading forces on the TMJ,,C,
